level,VaR,ES
0.95,-0.042178485661130236,-0.06232396236047051
0.99,-0.07804920779566653,-0.09812954668615434
