,param,value,tstat,pvalue
0,const,-0.0008162911030305138,-1.5945526420701093,0.11096805395189045
1,MKT,1.1611998753010817,27.775825255529952,3.510224787398896e-144
