level,VaR,ES
0.95,-0.030131383971428685,-0.057530316298991996
0.99,-0.07279810525494325,-0.12014908690092198
