,param,value,tstat,pvalue
0,const,0.003874862491904031,1.1487147217062472,0.2550861549957597
1,MKT,-0.1535461308547057,-0.3234024358797109,0.7474787979065449
