level,VaR,ES
0.95,-0.021054746979293163,-0.04528813642445173
0.99,-0.06030653581862114,-0.09949890753944945
