,param,value,tstat,pvalue
0,const,0.0005580866522095386,0.7371560881662226,0.46111262249457047
1,MKT,0.41714522514495544,6.745928942226769,1.9764834418425087e-11
