,param,value,tstat,pvalue
0,const,0.000992323496041751,1.2459008681607284,0.213033694369861
1,MKT,0.5469920136239086,7.420249229168636,2.1494106428765246e-13
