level,VaR,ES
0.95,-0.03311256622370528,-0.07113262215352893
0.99,-0.08537947160005602,-0.16221209990680427
