scenario,shock,delta_vs_last
market_-5pct,-0.05,-0.04083146897015873
marketnarket_-10pct,-0.1,-0.09083146897015873
market_-20pct,-0.2,-0.19083146897015874
market_+5pct,0.05,0.05916853102984128
